OBJECTID,name,Shape_Length,main_trail,locality,walk,bike,off_road_vehicle,mobility_access,horse,dog_access,dog_weblink,conditions_of_use,status,description,weblink,image_link,managed_by,data_supplier,spatial_accuracy,date_modified,local_authority
1,,175.832646868738,,,99,99,,,,,,,,,,,,Land Information New Zealand,,,
2,,15.5073609088323,,Whataupoko Park,,,,,,,,,,,,,,,,,Gisborne District Council
3,Stout Street,213.950853184413,,Gisborne District [Whataupoko-Riverdale],,,,,,,,,,,,,,,,,
4,Alfred Cox,237.558565738563,,Gisborne,,,,,,,,,,,,,,,,,Gisborne District Council
5,Stout Street,116.738447347767,,Gisborne District [Whataupoko-Riverdale],,,,,,,,,,,,,,,,,
6,Stout Street,74.2627981856767,,Gisborne District [Whataupoko-Riverdale],,,,,,,,,,,,,,,,,
7,,367.739938586893,,,99,99,,,,,,,,,,,,Land Information New Zealand,,,
8,,73.4635013831618,,Kaiti Hill,,,,,,,,,,,,,,,,,Gisborne District Council
9,,186.734946705141,,,99,99,,,,,,,,,,,,Land Information New Zealand,,,
10,,890.805074888035,,,99,99,,,,,,,,,,,,Land Information New Zealand,,,
11,,182.045330414504,,,99,99,,,,,,,,,,,,Land Information New Zealand,,,
12,,977.285081928187,,,99,99,,,,,,,,,,,,Land Information New Zealand,,,
13,,1323.92465187062,,,99,99,,,,,,,,,,,,Land Information New Zealand,,,
14,,55.9159030421986,,,99,99,,,,,,,,,,,,Land Information New Zealand,,,
15,,850.427391653408,,,99,99,,,,,,,,,,,,Land Information New Zealand,,,
16,,743.831430328098,,,99,99,,,,,,,,,,,,Land Information New Zealand,,,
17,,942.771430376323,,,99,99,,,,,,,,,,,,Land Information New Zealand,,,
18,,513.39410084345,,,99,99,,,,,,,,,,,,Land Information New Zealand,,,
19,Wharekopae Road,843.882128389992,,Gisborne District [Patutahi-Wharekopae],,,,,,,,,,,,,,,,,
20,,656.058487156341,,,99,99,,,,,,,,,,,,Land Information New Zealand,,,
21,,732.049430282261,,,99,99,,,,,,,,,,,,Land Information New Zealand,,,
22,,796.031538186229,,,99,99,,,,,,,,,,,,Land Information New Zealand,,,
23,,762.313498235296,,,99,99,,,,,,,,,,,,Land Information New Zealand,,,
24,Motu Trail,21886.5266811183,Motu Trail,,99,99,99,,99,,,,,,,,NZ Transport Agency,NZ Transport Agency,,,
25,Wharekopae Road,590.75270978858,,Gisborne District [Patutahi-Wharekopae],,,,,,,,,,,,,,,,,
26,,537.59678433019,,,99,99,,,,,,,,,,,,Land Information New Zealand,,,
27,Tahora Road,3820.81552913939,,Gisborne District [Wharekopae],,,,,,,,,,,,,,,,,
28,,276.296661028366,,,99,99,,,,,,,,,,,,Land Information New Zealand,,,
29,,328.216524533952,,,99,99,,,,,,,,,,,,Land Information New Zealand,,,
30,,449.829946968666,,,99,99,,,,,,,,,,,,Land Information New Zealand,,,
31,,961.462440963572,,,99,99,,,,,,,,,,,,Land Information New Zealand,,,
32,,355.768653620329,,,99,99,,,,,,,,,,,,Land Information New Zealand,,,
33,Te Wera Road,373.299706637381,,Gisborne District [Matawai],,,,,,,,,,,,,,,,,
34,,414.56692563375,,,99,99,,,,,,,,,,,,Land Information New Zealand,,,
35,,177.204359302804,,,99,99,,,,,,,,,,,,Land Information New Zealand,,,
36,,359.897144335426,,,99,99,,,,,,,,,,,,Land Information New Zealand,,,
37,,463.317495496727,,,99,99,,,,,,,,,,,,Land Information New Zealand,,,
38,,220.038110187913,,,99,99,,,,,,,,,,,,Land Information New Zealand,,,
39,,222.764340108045,,,99,99,,,,,,,,,,,,Land Information New Zealand,,,
40,,174.640243169265,,,99,99,,,,,,,,,,,,Land Information New Zealand,,,
41,,99.0048248027583,,,99,99,,,,,,,,,,,,Land Information New Zealand,,,
42,,1338.39518822487,,,99,99,,,,,,,,,,,,Land Information New Zealand,,,
43,,680.044173382246,,,99,99,,,,,,,,,,,,Land Information New Zealand,,,
44,,330.846029800129,,,99,99,,,,,,,,,,,,Land Information New Zealand,,,
45,Tucker Road,798.902815580604,,Gisborne District [Makauri-Waerengaahika],,,,,,,,,,,,,,,,,
46,Accessway,117.19748726824,,Derby St - Stafford St,,,,,,,,,,,,,,,,,
47,City Rivers,178.776400920102,,Gisborne,,,,,,,,,,,,,,,,,Gisborne District Council
48,Stout Street,135.299138618733,,Gisborne District [Whataupoko-Riverdale],,,,,,,,,,,,,,,,,
49,Stafford Street,68.9800661860321,,Gisborne District [Whataupoko],,,,,,,,,,,,,,,,,
50,,1352.64426130229,,,99,99,,,,,,,,,,,,Land Information New Zealand,,,
51,,3393.14725681274,,,99,99,,,,,,,,,,,,Land Information New Zealand,,,
52,,2147.2109042379,,,99,99,,,,,,,,,,,,Land Information New Zealand,,,
53,,381.468832829433,,,99,99,,,,,,,,,,,,Land Information New Zealand,,,
54,,930.135950790031,,,99,99,,,,,,,,,,,,Land Information New Zealand,,,
55,Matawai Road,210.831260566514,,Gisborne District [Waerengaahika-Matawai],,,,,,,,,,,,,,,,,
56,,55.7971829017357,,,99,99,,,,,,,,,,,,Land Information New Zealand,,,
57,,322.629914668175,,,99,99,,,,,,,,,,,,Land Information New Zealand,,,
58,,3752.19581080255,,,99,99,,,,,,,,,,,,Land Information New Zealand,,,
59,,254.258082724837,,,99,99,,,,,,,,,,,,Land Information New Zealand,,,
60,Tiniroto Road,432.222445312964,,Gisborne District [Patutahi-Tiniroto],,,,,,,,,,,,,,,,,
61,Greys Bush Track,31.4714279621471,Greys Bush Track,,99,99,,,,,,,,,,,,Land Information New Zealand,,,
62,,176.621594749519,,,99,99,,,,,,,,,,,,Land Information New Zealand,,,
63,Stout Street,45.7204957089461,,Gisborne District [Whataupoko-Riverdale],,,,,,,,,,,,,,,,,
64,Stout Street,64.740681245922,,Gisborne District [Whataupoko-Riverdale],,,,,,,,,,,,,,,,,
65,Matawai Road,2372.21819432373,,Gisborne District [Waerengaahika-Matawai],,,,,,,,,,,,,,,,,
66,,973.651746226634,,,99,99,,,,,,,,,,,,Land Information New Zealand,,,
67,,649.794978440537,,,99,99,,,,,,,,,,,,Land Information New Zealand,,,
68,Tahora Road,5049.69967355275,,Gisborne District [Wharekopae],,,,,,,,,,,,,,,,,
69,,1172.39279061568,,,99,99,,,,,,,,,,,,Land Information New Zealand,,,
70,,449.836487452041,,,99,99,,,,,,,,,,,,Land Information New Zealand,,,
71,Stout Street,246.209092426329,,Gisborne District [Whataupoko-Riverdale],,,,,,,,,,,,,,,,,
72,Alfred Cox,106.970861487079,,Gisborne,,,,,,,,,,,,,,,,,Gisborne District Council
73,Stout Street,38.7536067880149,,Gisborne District [Whataupoko-Riverdale],,,,,,,,,,,,,,,,,
74,Rua'S Track - Waimaha To Anini Clearing,11893.066125655,,,5,99,99,,99,,,,,Rua'S Tk - Waimaha To Anini Clearing,,,DOC,DOC,,,
75,,9576.25133211111,,,99,99,,,,,,,,,,,,Land Information New Zealand,,,
76,,4177.17022892814,,,99,99,,,,,,,,,,,,Land Information New Zealand,,,
77,Motu Road Trail,21868.8548981421,Motu Road,Opotiki District [Toatoa],,,,,,,,,,,,,,,,,Gisborne District Council
78,,1154.12851744612,,,99,99,,,,,,,,,,,,Land Information New Zealand,,,
79,,396.965530616447,,,99,99,,,,,,,,,,,,Land Information New Zealand,,,
80,East Cape Loop - Opotiki To Gisborne,203025.130995033,,,99,99,99,,99,,,,,,,,NZ Transport Agency,NZ Transport Agency,,,
81,,1406.93442187681,,,99,99,,,,,,,,,,,,Land Information New Zealand,,,
82,Tahora Road,1351.69890942421,,Gisborne District [Wharekopae],,,,,,,,,,,,,,,,,
83,Tahora Road,112.130413092904,,Gisborne District [Wharekopae],,,,,,,,,,,,,,,,,
84,,537.586097770481,,,99,99,,,,,,,,,,,,Land Information New Zealand,,,
85,Te Wera Road,575.972072897885,,Gisborne District [Matawai],,,,,,,,,,,,,,,,,
86,,710.328656600999,,,99,99,,,,,,,,,,,,Land Information New Zealand,,,
87,,46.0814714162458,,,99,99,,,,,,,,,,,,Land Information New Zealand,,,
88,,1817.37340589773,,,99,99,,,,,,,,,,,,Land Information New Zealand,,,
89,,888.989295439294,,,99,99,,,,,,,,,,,,Land Information New Zealand,,,
90,,767.040545794785,,,99,99,,,,,,,,,,,,Land Information New Zealand,,,
91,,608.012072420734,,,99,99,,,,,,,,,,,,Land Information New Zealand,,,
92,,847.976768316607,,,99,99,,,,,,,,,,,,Land Information New Zealand,,,
93,,1165.88931456173,,,99,99,,,,,,,,,,,,Land Information New Zealand,,,
94,Wharekopae Road,419.639070130092,,Gisborne District [Patutahi-Wharekopae],,,,,,,,,,,,,,,,,
95,,222.185612273879,,,99,99,,,,,,,,,,,,Land Information New Zealand,,,
96,,282.384349499935,,,99,99,,,,,,,,,,,,Land Information New Zealand,,,
97,,2030.71913653446,,,99,99,,,,,,,,,,,,Land Information New Zealand,,,
98,,567.749181972855,,,99,99,,,,,,,,,,,,Land Information New Zealand,,,
99,,503.523098787784,,,99,99,,,,,,,,,,,,Land Information New Zealand,,,
100,,179.108670333292,,,99,99,,,,,,,,,,,,Land Information New Zealand,,,
101,,34.8218715796138,,,99,99,,,,,,,,,,,,Land Information New Zealand,,,
102,,506.750119007736,,,99,99,,,,,,,,,,,,Land Information New Zealand,,,
103,Stout Street,63.4656527429443,,Gisborne District [Whataupoko-Riverdale],,,,,,,,,,,,,,,,,
104,,972.247156861357,,,99,99,,,,,,,,,,,,Land Information New Zealand,,,
105,,669.23714153685,,,99,99,,,,,,,,,,,,Land Information New Zealand,,,
106,,377.156817734258,,,99,99,,,,,,,,,,,,Land Information New Zealand,,,
107,,569.860647636508,,,99,99,,,,,,,,,,,,Land Information New Zealand,,,
108,,1680.85328262161,,,99,99,,,,,,,,,,,,Land Information New Zealand,,,
109,,92.4774677170492,,,99,99,,,,,,,,,,,,Land Information New Zealand,,,
110,,48.03250932115,,,99,99,,,,,,,,,,,,Land Information New Zealand,,,
111,,1804.88225612844,,,99,99,,,,,,,,,,,,Land Information New Zealand,,,
112,,611.874493930259,,,99,99,,,,,,,,,,,,Land Information New Zealand,,,
113,Wharekopae Road,140.181078782856,,Gisborne District [Patutahi-Wharekopae],,,,,,,,,,,,,,,,,
114,Wharekopae Road,1089.19484544801,,Gisborne District [Patutahi-Wharekopae],,,,,,,,,,,,,,,,,
115,Wharekopae Road,816.256089155839,,Gisborne District [Patutahi-Wharekopae],,,,,,,,,,,,,,,,,
116,Wharekopae Road,1788.84280603994,,Gisborne District [Patutahi-Wharekopae],,,,,,,,,,,,,,,,,
117,,1360.63660638891,,,99,99,,,,,,,,,,,,Land Information New Zealand,,,
118,Wharekopae Road,2143.94032023201,,Gisborne District [Patutahi-Wharekopae],,,,,,,,,,,,,,,,,
119,Kaimoe Road,1210.70973601813,,Gisborne District [Patutahi],,,,,,,,,,,,,,,,,
120,Grey Street,72.6393320063486,,Gisborne District [Gisborne-Awapuni],,,,,,,,,,,,,,,,,
121, ,88.9481788457845,, ,,,,,,,,,,,,,,,,,
122,,2051.03677773038,,,99,99,,,,,,,,,,,,Land Information New Zealand,,,
123,,760.270733780024,,,99,99,,,,,,,,,,,,Land Information New Zealand,,,
124,,304.757439686502,,Kaiti Hill,,,,,,,,,,,,,,,,,Gisborne District Council
125,Stout Street,221.030134245849,,Gisborne District [Whataupoko-Riverdale],,,,,,,,,,,,,,,,,
126,,40.2452386762949,,Whataupoko Park,,,,,,,,,,,,,,,,,Gisborne District Council
127,,113.088435447479,,Whataupoko Park,,,,,,,,,,,,,,,,,Gisborne District Council
128,,86.1524710669177,,Whataupoko Park,,,,,,,,,,,,,,,,,Gisborne District Council
129,,82.2463318787806,,Whataupoko Park,,,,,,,,,,,,,,,,,Gisborne District Council
130,,41.6059654121928,,Whataupoko Park,,,,,,,,,,,,,,,,,Gisborne District Council
131,,73.2092611118795,,Whataupoko Park,,,,,,,,,,,,,,,,,Gisborne District Council
132,Okitu Track,180.174077195322,Okitu Track,,99,99,,,,,,,,,,,,Land Information New Zealand,,,
133,Okitu Track,10.7471259824058,Okitu Track,,99,99,,,,,,,,,,,,Land Information New Zealand,,,
134,,785.313194546239,,,99,99,,,,,,,,,,,,Land Information New Zealand,,,
135,,131.078811771503,,,99,99,,,,,,,,,,,,Land Information New Zealand,,,
136,,648.188219874379,,,99,99,,,,,,,,,,,,Land Information New Zealand,,,
137,,2424.57027167374,,,99,99,,,,,,,,,,,,Land Information New Zealand,,,
138,,895.289817513303,,,99,99,,,,,,,,,,,,Land Information New Zealand,,,
139,,519.986316944933,,,99,99,,,,,,,,,,,,Land Information New Zealand,,,
140,,1018.57502797558,,,99,99,,,,,,,,,,,,Land Information New Zealand,,,
141,,1540.42350224394,,,99,99,,,,,,,,,,,,Land Information New Zealand,,,
142,,266.455261020608,,,99,99,,,,,,,,,,,,Land Information New Zealand,,,
143,,544.983014959944,,,99,99,,,,,,,,,,,,Land Information New Zealand,,,
144,Stout Street,122.225368877057,,Gisborne District [Whataupoko-Riverdale],,,,,,,,,,,,,,,,,
145,Stout Street,103.772153541865,,Gisborne District [Whataupoko-Riverdale],,,,,,,,,,,,,,,,,
146,Stout Street,125.419864402546,,Gisborne District [Whataupoko-Riverdale],,,,,,,,,,,,,,,,,
147,Nelson Road,214.636187668487,,Gisborne District [Riverdale-Makauri],,,,,,,,,,,,,,,,,
148,Stout Street,167.507382289123,,Gisborne District [Whataupoko-Riverdale],,,,,,,,,,,,,,,,,
149,Stout Street,49.3154238509147,,Gisborne District [Whataupoko-Riverdale],,,,,,,,,,,,,,,,,
150,Stout Street,174.673628361392,,Gisborne District [Whataupoko-Riverdale],,,,,,,,,,,,,,,,,
151,Stout Street,177.70738808479,,Gisborne District [Whataupoko-Riverdale],,,,,,,,,,,,,,,,,
152,Gisborne - Napier Rail Line,41021.0646709355,,,99,99,99,,99,,,,,,,,NZ Transport Agency,NZ Transport Agency,,,
153,,223.523051917386,,,99,99,,,,,,,,,,,,Land Information New Zealand,,,
154,,1711.63395018434,,,99,99,,,,,,,,,,,,Land Information New Zealand,,,
155,,355.923871767405,,,99,99,,,,,,,,,,,,Land Information New Zealand,,,
156,,843.348822674892,,,99,99,,,,,,,,,,,,Land Information New Zealand,,,
157,,986.289051408486,,,99,99,,,,,,,,,,,,Land Information New Zealand,,,
158,,612.959127066963,,,99,99,,,,,,,,,,,,Land Information New Zealand,,,
159,,261.440212901355,,,99,99,,,,,,,,,,,,Land Information New Zealand,,,
160,,865.643028133376,,,99,99,,,,,,,,,,,,Land Information New Zealand,,,
161,,883.635436906639,,,99,99,,,,,,,,,,,,Land Information New Zealand,,,
162,,1762.15794970547,,,99,99,,,,,,,,,,,,Land Information New Zealand,,,
163,,1226.89236505935,,,99,99,,,,,,,,,,,,Land Information New Zealand,,,
164,,645.636533576928,,,99,99,,,,,,,,,,,,Land Information New Zealand,,,
165,Rua'S Track,20045.606856488,Rua'S Track,,99,99,,,,,,,,,,,,Land Information New Zealand,,,
166,Rua'S Track - Anini Clearing To Six Foot Track,7821.51583581724,,,5,99,99,,99,,,,,Rua'S Tk - Anini Clearing To Six Foot Tk,,,DOC,DOC,,,
167,Moanui Track - Moanui To Koranga Forks Hut,5326.31637753098,,,5,99,99,,99,,,,,Moanui Tk - Moanui To Koranga Forks Hut,,,DOC,DOC,,,
168,,1491.14350302206,,,99,99,,,,,,,,,,,,Land Information New Zealand,,,
169,,713.010135027839,,,99,99,,,,,,,,,,,,Land Information New Zealand,,,
170,Mangatoatoa Track Jnc To Makakoere Hut Track,317.986432237644,,,6,99,99,,99,,,,,Mangatoatoa Tk Jnc To Makakoere Hut Tk,,,DOC,DOC,,,
171,,317.986432237644,,,99,99,,,,,,,,,,,,Land Information New Zealand,,,
172,,865.332936576201,,,99,99,,,,,,,,,,,,Land Information New Zealand,,,
173,Makakoere Hut To Kahunui/Makakoere Stm C,4892.7530292181,,,6,99,99,,99,,,,,Makakoere Hut To Kahunui/Makakoere Stm C,,,DOC,DOC,,,
174,Koranga Forks Hut To Tawa Hut,5035.41506200408,,,5,99,99,,99,,,,,Koranga Forks Hut To Tawa Hut,,,DOC,DOC,,,
175,,739.500775411643,,,99,99,,,,,,,,,,,,Land Information New Zealand,,,
176,Moanui Track Tawa Hut To Koranga Stm Junc,8472.80434961169,,,5,99,99,,99,,,,,Moanui Tk Tawa Hut To Koranga Stm Junc,,,DOC,DOC,,,
177,Tawa - Kahunui Track,5024.57073360338,,,5,99,99,,99,,,,,Tawa - Kahunui Tk,,,DOC,DOC,,,
178,,683.859474320834,,,99,99,,,,,,,,,,,,Land Information New Zealand,,,
179,,1238.31646629462,,,99,99,,,,,,,,,,,,Land Information New Zealand,,,
180,,57.6478934411744,,,99,99,,,,,,,,,,,,Land Information New Zealand,,,
181,,1452.59126159812,,,99,99,,,,,,,,,,,,Land Information New Zealand,,,
182,,523.706885447111,,,99,99,,,,,,,,,,,,Land Information New Zealand,,,
183,,553.161882955725,,,99,99,,,,,,,,,,,,Land Information New Zealand,,,
184,,1770.57785702934,,,99,99,,,,,,,,,,,,Land Information New Zealand,,,
185,,2877.93410892272,,,99,99,,,,,,,,,,,,Land Information New Zealand,,,
186,,59.234487574643,,,99,99,,,,,,,,,,,,Land Information New Zealand,,,
187,,351.734684877077,,,99,99,,,,,,,,,,,,Land Information New Zealand,,,
188,Gisborne To Matawai,103981.142004633,,,99,99,99,,99,,,,,,,,NZ Transport Agency,NZ Transport Agency,,,
189,Te Wera Road,2077.33521614777,,Gisborne District [Matawai],,,,,,,,,,,,,,,,,
190,Te Wera Road,4911.84022395926,,Gisborne District [Matawai],,,,,,,,,,,,,,,,,
191,,128.875111907749,,,99,99,,,,,,,,,,,,Land Information New Zealand,,,
192,Tahora Road,4792.6577164341,,Gisborne District [Wharekopae],,,,,,,,,,,,,,,,,
193,,1155.94728677281,,,99,99,,,,,,,,,,,,Land Information New Zealand,,,
194,,1659.63811866462,,,99,99,,,,,,,,,,,,Land Information New Zealand,,,
195,Matawai Walking Track,1219.83622603814,,,5,99,99,,99,,,,,Matawai Walking Track,,,DOC,DOC,,,
196,,3469.56036521893,,,99,99,,,,,,,,,,,,Land Information New Zealand,,,
197,Te Wera Road,4681.09597731627,,Gisborne District [Matawai],,,,,,,,,,,,,,,,,
198,,2258.92741042846,,,99,99,,,,,,,,,,,,Land Information New Zealand,,,
199,,202.146549971613,,,99,99,,,,,,,,,,,,Land Information New Zealand,,,
200,,1206.96357947148,,,99,99,,,,,,,,,,,,Land Information New Zealand,,,
201,,1055.98958194485,,,99,99,,,,,,,,,,,,Land Information New Zealand,,,
202,,538.390458232023,,,99,99,,,,,,,,,,,,Land Information New Zealand,,,
203,,3159.5863702475,,,99,99,,,,,,,,,,,,Land Information New Zealand,,,
204,,860.540339158036,,,99,99,,,,,,,,,,,,Land Information New Zealand,,,
205,,314.284624036258,,,99,99,,,,,,,,,,,,Land Information New Zealand,,,
206,,522.386196226927,,,99,99,,,,,,,,,,,,Land Information New Zealand,,,
207,,275.643751778486,,,99,99,,,,,,,,,,,,Land Information New Zealand,,,
208,Te Wera Road,616.57743831892,,Gisborne District [Matawai],,,,,,,,,,,,,,,,,
209,Wharekopae Road,5096.88647622284,,Gisborne District [Patutahi-Wharekopae],,,,,,,,,,,,,,,,,
210,,2119.61437739596,,,99,99,,,,,,,,,,,,Land Information New Zealand,,,
211,Matawai Road,4204.93432357884,,Gisborne District [Waerengaahika-Matawai],,,,,,,,,,,,,,,,,
212,,1742.62272831098,,,99,99,,,,,,,,,,,,Land Information New Zealand,,,
213,,1379.1348562022,,,99,99,,,,,,,,,,,,Land Information New Zealand,,,
214,,2516.36499210493,,,99,99,,,,,,,,,,,,Land Information New Zealand,,,
215,,1373.33924002802,,,99,99,,,,,,,,,,,,Land Information New Zealand,,,
216,,768.399432249062,,,99,99,,,,,,,,,,,,Land Information New Zealand,,,
217,,1776.16709556983,,,99,99,,,,,,,,,,,,Land Information New Zealand,,,
218,Wharekopae Road,8061.27669512588,,Gisborne District [Patutahi-Wharekopae],,,,,,,,,,,,,,,,,
219,,1020.20410052567,,,99,99,,,,,,,,,,,,Land Information New Zealand,,,
220,,1117.62735228402,,,99,99,,,,,,,,,,,,Land Information New Zealand,,,
221,Matawai Road,509.626799441593,,Gisborne District [Waerengaahika-Matawai],,,,,,,,,,,,,,,,,
222,,1253.33509218293,,,99,99,,,,,,,,,,,,Land Information New Zealand,,,
223,,913.144012425535,,,99,99,,,,,,,,,,,,Land Information New Zealand,,,
224,,2566.20895723942,,,99,99,,,,,,,,,,,,Land Information New Zealand,,,
225,,1345.21748235833,,,99,99,,,,,,,,,,,,Land Information New Zealand,,,
226,,3083.98592991702,,,99,99,,,,,,,,,,,,Land Information New Zealand,,,
227,,2854.18235989207,,,99,99,,,,,,,,,,,,Land Information New Zealand,,,
228,Whinray Track,5848.23523840699,,,3,99,99,,99,,,,,Whinray Track,,,DOC,DOC,,,
229,,1755.30897706668,,,99,99,,,,,,,,,,,,Land Information New Zealand,,,
230,,3887.43205011862,,,99,99,,,,,,,,,,,,Land Information New Zealand,,,
231,,1045.00492699713,,,99,99,,,,,,,,,,,,Land Information New Zealand,,,
232,,335.766367411833,,,99,99,,,,,,,,,,,,Land Information New Zealand,,,
233,,879.181081319618,,,99,99,,,,,,,,,,,,Land Information New Zealand,,,
234,Wharekopae Road,3565.28243652684,,Gisborne District [Patutahi-Wharekopae],,,,,,,,,,,,,,,,,
235,,324.722616812726,,,99,99,,,,,,,,,,,,Land Information New Zealand,,,
236,,135.225445847061,,,99,99,,,,,,,,,,,,Land Information New Zealand,,,
237,,2639.85968511835,,,99,99,,,,,,,,,,,,Land Information New Zealand,,,
238,,1398.06491958284,,,99,99,,,,,,,,,,,,Land Information New Zealand,,,
239,,2165.00386371582,,,99,99,,,,,,,,,,,,Land Information New Zealand,,,
240,,1144.9479036899,,,99,99,,,,,,,,,,,,Land Information New Zealand,,,
241,,834.972990342563,,,99,99,,,,,,,,,,,,Land Information New Zealand,,,
242,,717.520122011862,,,99,99,,,,,,,,,,,,Land Information New Zealand,,,
243,,1209.39704993913,,,99,99,,,,,,,,,,,,Land Information New Zealand,,,
244,,987.6708998967,,,99,99,,,,,,,,,,,,Land Information New Zealand,,,
245,,788.15759439412,,,99,99,,,,,,,,,,,,Land Information New Zealand,,,
246,Wharekopae Road,2727.3517559066,,Gisborne District [Patutahi-Wharekopae],,,,,,,,,,,,,,,,,
247,,2259.8099563135,,,99,99,,,,,,,,,,,,Land Information New Zealand,,,
248,,891.888218397875,,,99,99,,,,,,,,,,,,Land Information New Zealand,,,
249,,4880.13662735985,,,99,99,,,,,,,,,,,,Land Information New Zealand,,,
250,,1640.45151223549,,,99,99,,,,,,,,,,,,Land Information New Zealand,,,
251,,955.031123204523,,,99,99,,,,,,,,,,,,Land Information New Zealand,,,
252,,563.91091547646,,,99,99,,,,,,,,,,,,Land Information New Zealand,,,
253,,1032.9714342712,,,99,99,,,,,,,,,,,,Land Information New Zealand,,,
254,,299.535852522514,,,99,99,,,,,,,,,,,,Land Information New Zealand,,,
255,,1794.77000215929,,,99,99,,,,,,,,,,,,Land Information New Zealand,,,
256,,530.644281053145,,,99,99,,,,,,,,,,,,Land Information New Zealand,,,
257,,155.718373193306,,,99,99,,,,,,,,,,,,Land Information New Zealand,,,
258,,1453.75328099046,,,99,99,,,,,,,,,,,,Land Information New Zealand,,,
259,,1533.20270730675,,,99,99,,,,,,,,,,,,Land Information New Zealand,,,
260,,559.465399465403,,,99,99,,,,,,,,,,,,Land Information New Zealand,,,
261,,470.911870601535,,,99,99,,,,,,,,,,,,Land Information New Zealand,,,
262,,401.149315773908,,,99,99,,,,,,,,,,,,Land Information New Zealand,,,
263,,51.4643636346106,,,99,99,,,,,,,,,,,,Land Information New Zealand,,,
264,,53.7828782722312,,,99,99,,,,,,,,,,,,Land Information New Zealand,,,
265,,843.307951508157,,,99,99,,,,,,,,,,,,Land Information New Zealand,,,
266,,1344.285626213,,,99,99,,,,,,,,,,,,Land Information New Zealand,,,
267,,461.147985602073,,,99,99,,,,,,,,,,,,Land Information New Zealand,,,
268,,375.74145479769,,,99,99,,,,,,,,,,,,Land Information New Zealand,,,
269,,509.022779776993,,,99,99,,,,,,,,,,,,Land Information New Zealand,,,
270,,1088.75222177719,,,99,99,,,,,,,,,,,,Land Information New Zealand,,,
271,,1157.39316118191,,,99,99,,,,,,,,,,,,Land Information New Zealand,,,
272,,4088.70996168951,,,99,99,,,,,,,,,,,,Land Information New Zealand,,,
273,,415.02489176116,,,99,99,,,,,,,,,,,,Land Information New Zealand,,,
274,,391.570759237662,,,99,99,,,,,,,,,,,,Land Information New Zealand,,,
275,,1549.66705129054,,,99,99,,,,,,,,,,,,Land Information New Zealand,,,
276,,161.412590037558,,,99,99,,,,,,,,,,,,Land Information New Zealand,,,
277,,375.373210845317,,,99,99,,,,,,,,,,,,Land Information New Zealand,,,
278,,201.163105453659,,,99,99,,,,,,,,,,,,Land Information New Zealand,,,
279,,549.366196260216,,,99,99,,,,,,,,,,,,Land Information New Zealand,,,
280,,536.657150159105,,,99,99,,,,,,,,,,,,Land Information New Zealand,,,
281,,1134.07596414788,,,99,99,,,,,,,,,,,,Land Information New Zealand,,,
282,,1115.75464327514,,,99,99,,,,,,,,,,,,Land Information New Zealand,,,
283,,867.645884674748,,,99,99,,,,,,,,,,,,Land Information New Zealand,,,
284,,2025.57897274782,,,99,99,,,,,,,,,,,,Land Information New Zealand,,,
285,,597.952794213886,,,99,99,,,,,,,,,,,,Land Information New Zealand,,,
286,Wharekopae Road,2625.80985925402,,Gisborne District [Patutahi-Wharekopae],,,,,,,,,,,,,,,,,
287,,468.869330783575,,,99,99,,,,,,,,,,,,Land Information New Zealand,,,
288,,440.944063203138,,,99,99,,,,,,,,,,,,Land Information New Zealand,,,
289,,604.022838983384,,,99,99,,,,,,,,,,,,Land Information New Zealand,,,
290,,302.493432863285,,,99,99,,,,,,,,,,,,Land Information New Zealand,,,
291,,1065.50320534126,,,99,99,,,,,,,,,,,,Land Information New Zealand,,,
292,,215.461242428431,,,99,99,,,,,,,,,,,,Land Information New Zealand,,,
293,,955.768193561187,,,99,99,,,,,,,,,,,,Land Information New Zealand,,,
294,,1792.91599604404,,,99,99,,,,,,,,,,,,Land Information New Zealand,,,
295,,1082.51227733975,,,99,99,,,,,,,,,,,,Land Information New Zealand,,,
296,Otoko W/Way,6956.7117409217,,,3,99,99,,99,,,,,Otoko W/Way,,,DOC,DOC,,,
297,,771.030539503724,,,99,99,,,,,,,,,,,,Land Information New Zealand,,,
298,Otoko Walkway,6840.6309563276,Otoko Walkway,,99,99,,,,,,,,,,,,Land Information New Zealand,,,
299,,2912.60139769943,,,99,99,,,,,,,,,,,,Land Information New Zealand,,,
300,,226.140816184781,,,99,99,,,,,,,,,,,,Land Information New Zealand,,,
301,,4806.34886423547,,,99,99,,,,,,,,,,,,Land Information New Zealand,,,
302,,1229.75655859757,,,99,99,,,,,,,,,,,,Land Information New Zealand,,,
303,,589.917607902434,,,99,99,,,,,,,,,,,,Land Information New Zealand,,,
304,,896.764626944953,,,99,99,,,,,,,,,,,,Land Information New Zealand,,,
305,,4961.2047226977,,,99,99,,,,,,,,,,,,Land Information New Zealand,,,
306,,1088.12415035271,,,99,99,,,,,,,,,,,,Land Information New Zealand,,,
307,,930.809503265057,,,99,99,,,,,,,,,,,,Land Information New Zealand,,,
308,,488.737636949605,,,99,99,,,,,,,,,,,,Land Information New Zealand,,,
309,,360.70636681203,,,99,99,,,,,,,,,,,,Land Information New Zealand,,,
310,,339.951979609065,,,99,99,,,,,,,,,,,,Land Information New Zealand,,,
311,,785.639893894494,,,99,99,,,,,,,,,,,,Land Information New Zealand,,,
312,,272.039315757509,,,99,99,,,,,,,,,,,,Land Information New Zealand,,,
313,,3097.95379370285,,,99,99,,,,,,,,,,,,Land Information New Zealand,,,
314,,902.4694470497,,,99,99,,,,,,,,,,,,Land Information New Zealand,,,
315,,382.003624642966,,,99,99,,,,,,,,,,,,Land Information New Zealand,,,
316,Wharekopae Road,4030.72975865149,,Gisborne District [Patutahi-Wharekopae],,,,,,,,,,,,,,,,,
317,,2581.5760208364,,,99,99,,,,,,,,,,,,Land Information New Zealand,,,
318,,2206.69174173521,,,99,99,,,,,,,,,,,,Land Information New Zealand,,,
319,,1990.66760028619,,,99,99,,,,,,,,,,,,Land Information New Zealand,,,
320,,2008.25469665259,,,99,99,,,,,,,,,,,,Land Information New Zealand,,,
321,,2297.74037164158,,,99,99,,,,,,,,,,,,Land Information New Zealand,,,
322,,1147.99901409886,,,99,99,,,,,,,,,,,,Land Information New Zealand,,,
323,,372.936595159766,,,99,99,,,,,,,,,,,,Land Information New Zealand,,,
324,,293.042474861864,,,99,99,,,,,,,,,,,,Land Information New Zealand,,,
325,,1407.85853601229,,,99,99,,,,,,,,,,,,Land Information New Zealand,,,
326,,227.514791221624,,,99,99,,,,,,,,,,,,Land Information New Zealand,,,
327,,3836.17920931836,,,99,99,,,,,,,,,,,,Land Information New Zealand,,,
328,,546.883527926591,,,99,99,,,,,,,,,,,,Land Information New Zealand,,,
329,,396.582306533953,,,99,99,,,,,,,,,,,,Land Information New Zealand,,,
330,,439.366333993102,,,99,99,,,,,,,,,,,,Land Information New Zealand,,,
331,,1076.97451657077,,,99,99,,,,,,,,,,,,Land Information New Zealand,,,
332,,1770.42214896938,,,99,99,,,,,,,,,,,,Land Information New Zealand,,,
333,,905.015103363836,,,99,99,,,,,,,,,,,,Land Information New Zealand,,,
334,,686.96025477212,,,99,99,,,,,,,,,,,,Land Information New Zealand,,,
335,,136.826725865096,,,99,99,,,,,,,,,,,,Land Information New Zealand,,,
336,,197.765818221457,,,99,99,,,,,,,,,,,,Land Information New Zealand,,,
337,,1223.41571536014,,,99,99,,,,,,,,,,,,Land Information New Zealand,,,
338,,514.472765192345,,,99,99,,,,,,,,,,,,Land Information New Zealand,,,
339,,1518.59122237887,,,99,99,,,,,,,,,,,,Land Information New Zealand,,,
340,,569.830958537962,,,99,99,,,,,,,,,,,,Land Information New Zealand,,,
341,,387.336364716844,,,99,99,,,,,,,,,,,,Land Information New Zealand,,,
342,,874.672445876409,,,99,99,,,,,,,,,,,,Land Information New Zealand,,,
343,,745.011389925078,,,99,99,,,,,,,,,,,,Land Information New Zealand,,,
344,,410.007147689805,,,99,99,,,,,,,,,,,,Land Information New Zealand,,,
345,,258.672350934201,,,99,99,,,,,,,,,,,,Land Information New Zealand,,,
346,,442.175923729019,,,99,99,,,,,,,,,,,,Land Information New Zealand,,,
347,,530.986248845268,,,99,99,,,,,,,,,,,,Land Information New Zealand,,,
348,Wharekopae Road,196.321535155015,,Gisborne District [Patutahi-Wharekopae],,,,,,,,,,,,,,,,,
349,,514.470762819527,,,99,99,,,,,,,,,,,,Land Information New Zealand,,,
350,,4085.48811650988,,,99,99,,,,,,,,,,,,Land Information New Zealand,,,
351,,626.59774067666,,,99,99,,,,,,,,,,,,Land Information New Zealand,,,
352,,3673.26008196428,,,99,99,,,,,,,,,,,,Land Information New Zealand,,,
353,,721.091457154904,,,99,99,,,,,,,,,,,,Land Information New Zealand,,,
354,Wharekopae Road,2572.5265157574,,Gisborne District [Patutahi-Wharekopae],,,,,,,,,,,,,,,,,
355,,1083.48418431827,,,99,99,,,,,,,,,,,,Land Information New Zealand,,,
356,,41.0256856016409,,,99,99,,,,,,,,,,,,Land Information New Zealand,,,
357,,798.384111658053,,,99,99,,,,,,,,,,,,Land Information New Zealand,,,
358,,339.15645434529,,,99,99,,,,,,,,,,,,Land Information New Zealand,,,
359,,493.659778258569,,,99,99,,,,,,,,,,,,Land Information New Zealand,,,
360,,839.518864095675,,,99,99,,,,,,,,,,,,Land Information New Zealand,,,
361,,731.713968392266,,,99,99,,,,,,,,,,,,Land Information New Zealand,,,
362,,1697.5411288548,,,99,99,,,,,,,,,,,,Land Information New Zealand,,,
363,,625.323679573826,,,99,99,,,,,,,,,,,,Land Information New Zealand,,,
364,,1943.5549034634,,,99,99,,,,,,,,,,,,Land Information New Zealand,,,
365,,209.046891176372,,,99,99,,,,,,,,,,,,Land Information New Zealand,,,
366,,935.253620214931,,,99,99,,,,,,,,,,,,Land Information New Zealand,,,
367,,409.955624775936,,,99,99,,,,,,,,,,,,Land Information New Zealand,,,
368,,527.27572729648,,,99,99,,,,,,,,,,,,Land Information New Zealand,,,
369,,961.135532995052,,,99,99,,,,,,,,,,,,Land Information New Zealand,,,
370,,1175.40471251314,,,99,99,,,,,,,,,,,,Land Information New Zealand,,,
371,,304.718572492394,,,99,99,,,,,,,,,,,,Land Information New Zealand,,,
372,,564.512686741426,,,99,99,,,,,,,,,,,,Land Information New Zealand,,,
373,,711.609398033906,,,99,99,,,,,,,,,,,,Land Information New Zealand,,,
374,,1985.91164548642,,,99,99,,,,,,,,,,,,Land Information New Zealand,,,
375,,415.045213213844,,,99,99,,,,,,,,,,,,Land Information New Zealand,,,
376,Wharekopae Road,3406.95532197179,,Gisborne District [Patutahi-Wharekopae],,,,,,,,,,,,,,,,,
377,,606.435178266439,,,99,99,,,,,,,,,,,,Land Information New Zealand,,,
378,,1918.45446883169,,,99,99,,,,,,,,,,,,Land Information New Zealand,,,
379,,737.262362955276,,,99,99,,,,,,,,,,,,Land Information New Zealand,,,
380,,96.0236894157369,,,99,99,,,,,,,,,,,,Land Information New Zealand,,,
381,,1699.28601814845,,,99,99,,,,,,,,,,,,Land Information New Zealand,,,
382,,1434.01632857428,,,99,99,,,,,,,,,,,,Land Information New Zealand,,,
383,,369.720131382835,,,99,99,,,,,,,,,,,,Land Information New Zealand,,,
384,Wharekopae Road,1416.53627396234,,Gisborne District [Patutahi-Wharekopae],,,,,,,,,,,,,,,,,
385,Wharekopae Road,767.053909065891,,Gisborne District [Patutahi-Wharekopae],,,,,,,,,,,,,,,,,
386,,701.943789232771,,,99,99,,,,,,,,,,,,Land Information New Zealand,,,
387,Wharekopae Road,670.569204883364,,Gisborne District [Patutahi-Wharekopae],,,,,,,,,,,,,,,,,
388,,1695.62510359685,,,99,99,,,,,,,,,,,,Land Information New Zealand,,,
389,Wharekopae Road,2786.81945431587,,Gisborne District [Patutahi-Wharekopae],,,,,,,,,,,,,,,,,
390,,1361.21057574038,,,99,99,,,,,,,,,,,,Land Information New Zealand,,,
391,,1386.21775682783,,,99,99,,,,,,,,,,,,Land Information New Zealand,,,
392,,2926.08456264108,,,99,99,,,,,,,,,,,,Land Information New Zealand,,,
393,,1302.36810830575,,,99,99,,,,,,,,,,,,Land Information New Zealand,,,
394,Wharerata Track,4332.18613087967,Wharerata Track,,99,99,,,,,,,,,,,,Land Information New Zealand,,,
395,,4032.34728186824,,,99,99,,,,,,,,,,,,Land Information New Zealand,,,
396,Grey'S Bush Track,346.09200332267,Grey'S Bush Track,,99,99,,,,,,,,,,,,Land Information New Zealand,,,
397,,863.716376886128,,,99,99,,,,,,,,,,,,Land Information New Zealand,,,
398,,1772.86521543839,,,99,99,,,,,,,,,,,,Land Information New Zealand,,,
399,,2467.93898567869,,,99,99,,,,,,,,,,,,Land Information New Zealand,,,
400,Tiniroto Road,633.305279315373,,Gisborne District [Patutahi-Tiniroto],,,,,,,,,,,,,,,,,
401,Tiniroto Road,615.652329483098,,Gisborne District [Patutahi-Tiniroto],,,,,,,,,,,,,,,,,
402,Tiniroto Road,1450.14166274975,,Gisborne District [Patutahi-Tiniroto],,,,,,,,,,,,,,,,,
403,Wharerata Road,253.483044427233,,Gisborne District [Matawhero-Bartletts],,,,,,,,,,,,,,,,,
404,Wharerata Road,669.020323340073,,Gisborne District [Matawhero-Bartletts],,,,,,,,,,,,,,,,,
405,Bloomfield Road,1578.88970697877,,Gisborne District [Matawhero-Waerengaahika],,,,,,,,,,,,,,,,,
406,Bloomfield Road,496.559866980162,,Gisborne District [Matawhero-Waerengaahika],,,,,,,,,,,,,,,,,
407,Bushmere Road,653.333640685709,,Gisborne District [Makaraka-Waerengaahika],,,,,,,,,,,,,,,,,
408,East-West -Mangatutara Hut To Oronui Hut,6220.18023323205,,,6,99,99,,99,,,,,East-West -Mangatutara Hut To Oronui Hut,,,DOC,DOC,,,
409,Farmer Road,738.801275136303,,Gisborne District [Makaraka],,,,,,,,,,,,,,,,,
410,Makaraka Road,49.9127609322515,,Gisborne District [Makaraka],,,,,,,,,,,,,,,,,
411,Pilmer Road,659.899473566934,,Gisborne District [Makauri],,,,,,,,,,,,,,,,,
412,Pilmer Road,350.552328235788,,Gisborne District [Makauri],,,,,,,,,,,,,,,,,
413,Pilmer Road,573.221828939633,,Gisborne District [Makauri],,,,,,,,,,,,,,,,,
414,Grey'S Bush Track,94.1359670410216,Grey'S Bush Track,,99,99,,,,,,,,,,,,Land Information New Zealand,,,
415,Nelson Road,279.571451989192,,Gisborne District [Riverdale-Makauri],,,,,,,,,,,,,,,,,
416,Oneroa,954.577729990072,,Gisborne,,,,,,,,,,,,,,,,,Gisborne District Council
417,Stout Street,97.7175015180102,,Gisborne District [Whataupoko-Riverdale],,,,,,,,,,,,,,,,,
418,Gray'S Bush Track,1068.47245158259,,,2,99,99,,99,,,,,Gray'S Bush Track,,,DOC,DOC,,,
419,Grey'S Bush Track,96.0924983398027,Grey'S Bush Track,,99,99,,,,,,,,,,,,Land Information New Zealand,,,
420,Grey'S Bush Track,94.3356340975862,Grey'S Bush Track,,99,99,,,,,,,,,,,,Land Information New Zealand,,,
421,,1561.27167093338,,,99,99,,,,,,,,,,,,Land Information New Zealand,,,
422,Tucker Road,350.752318124116,,Gisborne District [Makauri-Waerengaahika],,,,,,,,,,,,,,,,,
423,Grey'S Bush Track,121.344459470879,Grey'S Bush Track,,99,99,,,,,,,,,,,,Land Information New Zealand,,,
424,Grey'S Bush Track,95.3106438423825,Grey'S Bush Track,,99,99,,,,,,,,,,,,Land Information New Zealand,,,
425,Grey'S Bush Track,347.353174864942,Grey'S Bush Track,,99,99,,,,,,,,,,,,Land Information New Zealand,,,
426,Nelson Road,1434.87952368922,,Gisborne District [Riverdale-Makauri],,,,,,,,,,,,,,,,,
427,Nelson Road,33.9355905687817,,Gisborne District [Riverdale-Makauri],,,,,,,,,,,,,,,,,
428,Nelson Road,543.991517418503,,Gisborne District [Riverdale-Makauri],,,,,,,,,,,,,,,,,
429,,412.086011641749,,,99,99,,,,,,,,,,,,Land Information New Zealand,,,
430,Nelson Road,59.5512096702956,,Gisborne District [Riverdale-Makauri],,,,,,,,,,,,,,,,,
431,Nelson Road,130.908081584276,,Gisborne District [Riverdale-Makauri],,,,,,,,,,,,,,,,,
432,Nelson Road,18.7360920809863,,Gisborne District [Riverdale-Makauri],,,,,,,,,,,,,,,,,
433,Nelson Road,362.153699249864,,Gisborne District [Riverdale-Makauri],,,,,,,,,,,,,,,,,
434,Nelson Road,142.805441334768,,Gisborne District [Riverdale-Makauri],,,,,,,,,,,,,,,,,
435,Alfred Cox,838.194011617303,,Gisborne,,,,,,,,,,,,,,,,,Gisborne District Council
436,,2817.73199910701,,,99,99,,,,,,,,,,,,Land Information New Zealand,,,
437,Stout Street,221.149055246759,,Gisborne District [Whataupoko-Riverdale],,,,,,,,,,,,,,,,,
438, ,1847.08905068783,, ,,,,,,,,,,,,,,,,,
439,Waikanae Beach,615.55081192045,,Gisborne,,,,,,,,,,,,,,,,,Gisborne District Council
440,Grey Street,90.818035805652,,Gisborne District [Gisborne-Awapuni],,,,,,,,,,,,,,,,,
441,Alfred Cox,241.864832352069,,Gisborne,,,,,,,,,,,,,,,,,Gisborne District Council
442,Grey Street,92.3614039480941,,Gisborne District [Gisborne-Awapuni],,,,,,,,,,,,,,,,,
443,Stout Street,114.789608166981,,Gisborne District [Whataupoko-Riverdale],,,,,,,,,,,,,,,,,
444,Grey Street,124.754137360566,,Gisborne District [Gisborne-Awapuni],,,,,,,,,,,,,,,,,
445,City Rivers,1214.60009625417,,Gisborne,,,,,,,,,,,,,,,,,Gisborne District Council
446,Stout Street,68.5199533616086,,Gisborne District [Whataupoko-Riverdale],,,,,,,,,,,,,,,,,
447,Stout Street,153.207649264802,,Gisborne District [Whataupoko-Riverdale],,,,,,,,,,,,,,,,,
448,Stout Street,221.786875959497,,Gisborne District [Whataupoko-Riverdale],,,,,,,,,,,,,,,,,
449,,1236.00939938511,,,99,99,,,,,,,,,,,,Land Information New Zealand,,,
450,,33.7380976651947,,Kaiti Hill,,,,,,,,,,,,,,,,,Gisborne District Council
451,,133.333079014493,,Kaiti Hill,,,,,,,,,,,,,,,,,Gisborne District Council
452,,1763.15209112799,,,99,99,,,,,,,,,,,,Land Information New Zealand,,,
453,,21.3647013441071,,Kaiti Hill,,,,,,,,,,,,,,,,,Gisborne District Council
454,,721.115301984164,,Kaiti Hill,,,,,,,,,,,,,,,,,Gisborne District Council
455, ,280.613163018695,, ,,,,,,,,,,,,,,,,,
456,,575.311057784153,,Kaiti Hill,,,,,,,,,,,,,,,,,Gisborne District Council
457,,106.452330760834,,Kaiti Hill,,,,,,,,,,,,,,,,,Gisborne District Council
458,,79.0085150472366,,Kaiti Hill,,,,,,,,,,,,,,,,,Gisborne District Council
459,Stout Street,138.115329990616,,Gisborne District [Whataupoko-Riverdale],,,,,,,,,,,,,,,,,
460,,178.348831594945,,Kaiti Hill,,,,,,,,,,,,,,,,,Gisborne District Council
461,,240.87982609411,,Kaiti Hill,,,,,,,,,,,,,,,,,Gisborne District Council
462,,312.685472732564,,,99,99,,,,,,,,,,,,Land Information New Zealand,,,
463,,2776.41569489049,,,99,99,,,,,,,,,,,,Land Information New Zealand,,,
464,Te Kuri W/Way,3254.55610016513,,,3,99,99,,99,,,,,Te Kuri W/Way,,,DOC,DOC,,,
465,,253.458774168348,,Whataupoko Park,,,,,,,,,,,,,,,,,Gisborne District Council
466,,178.09049663134,,Whataupoko Park,,,,,,,,,,,,,,,,,Gisborne District Council
467,,42.6732127470328,,Whataupoko Park,,,,,,,,,,,,,,,,,Gisborne District Council
468,,2629.13168075976,,,99,99,,,,,,,,,,,,Land Information New Zealand,,,
469,,203.937743743403,,Whataupoko Park,,,,,,,,,,,,,,,,,Gisborne District Council
470,,416.221928054963,,Whataupoko Park,,,,,,,,,,,,,,,,,Gisborne District Council
471,,326.556049060509,,Whataupoko Park,,,,,,,,,,,,,,,,,Gisborne District Council
472,,402.205900160856,,Whataupoko Park,,,,,,,,,,,,,,,,,Gisborne District Council
473,,238.963805730229,,Whataupoko Park,,,,,,,,,,,,,,,,,Gisborne District Council
474,,487.832236073616,,Whataupoko Park,,,,,,,,,,,,,,,,,Gisborne District Council
475,,19.8994803022666,,Whataupoko Park,,,,,,,,,,,,,,,,,Gisborne District Council
476,,1678.32322747229,,,99,99,,,,,,,,,,,,Land Information New Zealand,,,
477,,394.847075077578,,Whataupoko Park,,,,,,,,,,,,,,,,,Gisborne District Council
478,,381.134233744784,,Whataupoko Park,,,,,,,,,,,,,,,,,Gisborne District Council
479,,242.96516289302,,Whataupoko Park,,,,,,,,,,,,,,,,,Gisborne District Council
480,,153.131152481025,,Whataupoko Park,,,,,,,,,,,,,,,,,Gisborne District Council
481,,631.998143991579,,Whataupoko Park,,,,,,,,,,,,,,,,,Gisborne District Council
482,,261.547073068571,,Whataupoko Park,,,,,,,,,,,,,,,,,Gisborne District Council
483,,128.071676677072,,Whataupoko Park,,,,,,,,,,,,,,,,,Gisborne District Council
484,,56.5351107629693,,Whataupoko Park,,,,,,,,,,,,,,,,,Gisborne District Council
485,,341.47115136552,,Whataupoko Park,,,,,,,,,,,,,,,,,Gisborne District Council
486,,2269.58865686565,,,99,99,,,,,,,,,,,,Land Information New Zealand,,,
487,,2640.69473672184,,,99,99,,,,,,,,,,,,Land Information New Zealand,,,
488,,1099.87448843865,,,99,99,,,,,,,,,,,,Land Information New Zealand,,,
489,,526.363691232801,,Whataupoko Park,,,,,,,,,,,,,,,,,Gisborne District Council
490,,742.888106103284,,Whataupoko Park,,,,,,,,,,,,,,,,,Gisborne District Council
491,,97.3147893657392,,Whataupoko Park,,,,,,,,,,,,,,,,,Gisborne District Council
492,,105.86990222845,,Whataupoko Park,,,,,,,,,,,,,,,,,Gisborne District Council
493,Mt Hikurangi (Summit) Route,1926.04982402662,,,5,99,99,,99,,,,,Mt Hikurangi (Summit) Route,,,DOC,DOC,,,
494,,901.814840377248,,,99,99,,,,,,,,,,,,Land Information New Zealand,,,
495,,1020.19379659327,,,99,99,,,,,,,,,,,,Land Information New Zealand,,,
496,,469.569359831479,,Whataupoko Park,,,,,,,,,,,,,,,,,Gisborne District Council
497,,657.53802565173,,Whataupoko Park,,,,,,,,,,,,,,,,,Gisborne District Council
498,,8.46639194362015,,Whataupoko Park,,,,,,,,,,,,,,,,,Gisborne District Council
499,East-West Park Boundary To Oronui Hut,4876.14488034942,,,6,99,99,,99,,,,,East-West Park Boundary To Oronui Hut,,,DOC,DOC,,,
500,Wainui,149.664877491459,,Gisborne,,,,,,,,,,,,,,,,,Gisborne District Council
501,Wainui,1494.92666175311,,Gisborne,,,,,,,,,,,,,,,,,Gisborne District Council
502,,517.476983290143,,,99,99,,,,,,,,,,,,Land Information New Zealand,,,
503,,3656.09759783769,,,99,99,,,,,,,,,,,,Land Information New Zealand,,,
504,Okitu Track,630.125820419099,,,3,99,99,,99,,,,,Okitu Tk,,,DOC,DOC,,,
505,Okitu Track,186.333105719378,Okitu Track,,99,99,,,,,,,,,,,,Land Information New Zealand,,,
506,Okitu Track,218.862863549889,Okitu Track,,99,99,,,,,,,,,,,,Land Information New Zealand,,,
507,Okitu Track,112.919781902569,Okitu Track,,99,99,,,,,,,,,,,,Land Information New Zealand,,,
508,,428.290993251109,,,99,99,,,,,,,,,,,,Land Information New Zealand,,,
509,,617.109471536043,,,99,99,,,,,,,,,,,,Land Information New Zealand,,,
510,,633.758923296176,,,99,99,,,,,,,,,,,,Land Information New Zealand,,,
511,,13362.5658325768,,,99,99,,,,,,,,,,,,Land Information New Zealand,,,
512,,2019.15860175729,,,99,99,,,,,,,,,,,,Land Information New Zealand,,,
513,Mt Hikurangi Route,2568.57852882927,Mt Hikurangi Route,,99,99,,,,,,,,,,,,Land Information New Zealand,,,
514,,1105.89561791362,,,99,99,,,,,,,,,,,,Land Information New Zealand,,,
515,,1399.80283741996,,,99,99,,,,,,,,,,,,Land Information New Zealand,,,
516,,1827.94092129359,,,99,99,,,,,,,,,,,,Land Information New Zealand,,,
517,,2137.0114801142,,,99,99,,,,,,,,,,,,Land Information New Zealand,,,
518,,1251.83563409588,,,99,99,,,,,,,,,,,,Land Information New Zealand,,,
519,,466.246846279592,,,99,99,,,,,,,,,,,,Land Information New Zealand,,,
520,,415.288219225624,,,99,99,,,,,,,,,,,,Land Information New Zealand,,,
521,,571.092067001561,,,99,99,,,,,,,,,,,,Land Information New Zealand,,,
522,,842.589938338821,,,99,99,,,,,,,,,,,,Land Information New Zealand,,,
523,,4012.2465499779,,,99,99,,,,,,,,,,,,Land Information New Zealand,,,
524,,746.802002173975,,,99,99,,,,,,,,,,,,Land Information New Zealand,,,
525,,4535.59159628386,,,99,99,,,,,,,,,,,,Land Information New Zealand,,,
526,,3513.84991070294,,,99,99,,,,,,,,,,,,Land Information New Zealand,,,
527,,639.023550127534,,,99,99,,,,,,,,,,,,Land Information New Zealand,,,
528,,1274.30649025524,,,99,99,,,,,,,,,,,,Land Information New Zealand,,,
529,,2225.95277207033,,,99,99,,,,,,,,,,,,Land Information New Zealand,,,
530,,2250.37026117968,,,99,99,,,,,,,,,,,,Land Information New Zealand,,,
531,,1263.21250045085,,,99,99,,,,,,,,,,,,Land Information New Zealand,,,
532,,3505.46064620321,,,99,99,,,,,,,,,,,,Land Information New Zealand,,,
533,,1347.91847238483,,,99,99,,,,,,,,,,,,Land Information New Zealand,,,
534,,3025.71231539515,,,99,99,,,,,,,,,,,,Land Information New Zealand,,,
535,,1387.95603634014,,,99,99,,,,,,,,,,,,Land Information New Zealand,,,
536,,3201.75838790574,,,99,99,,,,,,,,,,,,Land Information New Zealand,,,
537,,1798.78359644922,,,99,99,,,,,,,,,,,,Land Information New Zealand,,,
538,,1261.78644492859,,,99,99,,,,,,,,,,,,Land Information New Zealand,,,
539,,1179.56301062974,,,99,99,,,,,,,,,,,,Land Information New Zealand,,,
540,,2316.21031633177,,,99,99,,,,,,,,,,,,Land Information New Zealand,,,
541,,3616.8485848473,,,99,99,,,,,,,,,,,,Land Information New Zealand,,,
542,,367.787362537152,,,99,99,,,,,,,,,,,,Land Information New Zealand,,,
543,,2795.8370166311,,,99,99,,,,,,,,,,,,Land Information New Zealand,,,
544,,1123.97800967953,,,99,99,,,,,,,,,,,,Land Information New Zealand,,,
545,,567.775499184379,,,99,99,,,,,,,,,,,,Land Information New Zealand,,,
546,,1166.4332798881,,,99,99,,,,,,,,,,,,Land Information New Zealand,,,
547,,604.901814482467,,,99,99,,,,,,,,,,,,Land Information New Zealand,,,
548,,1082.37220920065,,,99,99,,,,,,,,,,,,Land Information New Zealand,,,
549,,787.089504431239,,,99,99,,,,,,,,,,,,Land Information New Zealand,,,
550,,1541.54387757487,,,99,99,,,,,,,,,,,,Land Information New Zealand,,,
551,Anaura Bay W/Way,4453.55231278479,,,3,99,99,,99,,,,,Anaura Bay W/Way,,,DOC,DOC,,,
552,,1996.60657362931,,,99,99,,,,,,,,,,,,Land Information New Zealand,,,
553,,2029.61740796121,,,99,99,,,,,,,,,,,,Land Information New Zealand,,,
554,Cooks Cove W/Way,2527.01139146308,,,3,99,99,,99,,,,,Cooks Cove W/Way,,,DOC,DOC,,,
555,,2130.45176322568,,,99,99,,,,,,,,,,,,Land Information New Zealand,,,
556,,2720.03786810408,,,99,99,,,,,,,,,,,,Land Information New Zealand,,,
557,Titirangi Homeguard Track,572.725058718015,,Kaiti Hill,,,,,,,,,,,,,,,,,
